sku,nombre,imagen,precio,frecuencia,inventario_tipo,categoria,existencias,descripcion,precio_original,modelo_caja,descuento,tamano_altavoz,caracteristicas
"RCI-001","Revista Muy Interesante Mensual","assets/img/Revistas/istockphoto-609437196-612x612.webp","85","Inmediato","Outlet","revistas-ciencia","12","Producto premium de la categoría Ciencia y Espacio en liquidación y oferta.","114","RCI-001","25% OFF","N/A","Garantía oficial y entrega inmediata."
"RCI-002","Revista National Geographic","assets/img/Revistas/istockphoto-609437196-612x612.webp","95","Inmediato","Outlet","revistas-ciencia","12","Producto premium de la categoría Ciencia y Espacio en liquidación y oferta.","128","RCI-002","25% OFF","N/A","Garantía oficial y entrega inmediata."
"RCI-003","Revista Scientific American","assets/img/Revistas/istockphoto-609437196-612x612.webp","130","Inmediato","Outlet","revistas-ciencia","12","Producto premium de la categoría Ciencia y Espacio en liquidación y oferta.","175","RCI-003","25% OFF","N/A","Garantía oficial y entrega inmediata."
"RCI-004","Revista Muy Interesante Ciencia","assets/img/Revistas/istockphoto-609437196-612x612.webp","85","Inmediato","Outlet","revistas-ciencia","12","Producto premium de la categoría Ciencia y Espacio en liquidación y oferta.","114","RCI-004","25% OFF","N/A","Garantía oficial y entrega inmediata."
"RCI-005","NatGeo Coleccionista Espacio","assets/img/Revistas/istockphoto-609437196-612x612.webp","150","Inmediato","Outlet","revistas-ciencia","12","Producto premium de la categoría Ciencia y Espacio en liquidación y oferta.","202","RCI-005","25% OFF","N/A","Garantía oficial y entrega inmediata."
"RCI-006","Revista Cómo Funciona Especial","assets/img/Revistas/istockphoto-609437196-612x612.webp","95","Inmediato","Outlet","revistas-ciencia","12","Producto premium de la categoría Ciencia y Espacio en liquidación y oferta.","128","RCI-006","25% OFF","N/A","Garantía oficial y entrega inmediata."
"RCI-007","Revista Astronomía Práctica","assets/img/Revistas/istockphoto-609437196-612x612.webp","110","Inmediato","Outlet","revistas-ciencia","12","Producto premium de la categoría Ciencia y Espacio en liquidación y oferta.","148","RCI-007","25% OFF","N/A","Garantía oficial y entrega inmediata."
"RCI-008","Revista Arqueología Mexicana","assets/img/Revistas/istockphoto-609437196-612x612.webp","98","Inmediato","Outlet","revistas-ciencia","12","Producto premium de la categoría Ciencia y Espacio en liquidación y oferta.","132","RCI-008","25% OFF","N/A","Garantía oficial y entrega inmediata."
"RCI-009","Muy Interesante Especial Historia","assets/img/Revistas/istockphoto-609437196-612x612.webp","85","Inmediato","Outlet","revistas-ciencia","12","Producto premium de la categoría Ciencia y Espacio en liquidación y oferta.","114","RCI-009","25% OFF","N/A","Garantía oficial y entrega inmediata."
"RCI-010","NatGeo Especial Antiguo Egipto","assets/img/Revistas/istockphoto-609437196-612x612.webp","150","Inmediato","Outlet","revistas-ciencia","12","Producto premium de la categoría Ciencia y Espacio en liquidación y oferta.","202","RCI-010","25% OFF","N/A","Garantía oficial y entrega inmediata."
"RCI-011","Revista Ciencia y Desarrollo","assets/img/Revistas/istockphoto-609437196-612x612.webp","75","Inmediato","Outlet","revistas-ciencia","12","Producto premium de la categoría Ciencia y Espacio en liquidación y oferta.","101","RCI-011","25% OFF","N/A","Garantía oficial y entrega inmediata."
"RCI-012","Revista Quo Ciencia Moderna","assets/img/Revistas/istockphoto-609437196-612x612.webp","70","Inmediato","Outlet","revistas-ciencia","12","Producto premium de la categoría Ciencia y Espacio en liquidación y oferta.","94","RCI-012","25% OFF","N/A","Garantía oficial y entrega inmediata."
"RCI-013","Revista Aeroespacio Militar","assets/img/Revistas/istockphoto-609437196-612x612.webp","95","Inmediato","Outlet","revistas-ciencia","12","Producto premium de la categoría Ciencia y Espacio en liquidación y oferta.","128","RCI-013","25% OFF","N/A","Garantía oficial y entrega inmediata."
"RCI-014","Revista Geo Mundo de la Tierra","assets/img/Revistas/istockphoto-609437196-612x612.webp","80","Inmediato","Outlet","revistas-ciencia","12","Producto premium de la categoría Ciencia y Espacio en liquidación y oferta.","108","RCI-014","25% OFF","N/A","Garantía oficial y entrega inmediata."
"RCI-015","Muy Interesante Preguntas y Respuestas","assets/img/Revistas/istockphoto-609437196-612x612.webp","85","Inmediato","Outlet","revistas-ciencia","12","Producto premium de la categoría Ciencia y Espacio en liquidación y oferta.","114","RCI-015","25% OFF","N/A","Garantía oficial y entrega inmediata."
"RCI-016","NatGeo Especial Dinosaurios","assets/img/Revistas/istockphoto-609437196-612x612.webp","150","Inmediato","Outlet","revistas-ciencia","12","Producto premium de la categoría Ciencia y Espacio en liquidación y oferta.","202","RCI-016","25% OFF","N/A","Garantía oficial y entrega inmediata."
"RCI-017","Revista Scientific American Especial","assets/img/Revistas/istockphoto-609437196-612x612.webp","140","Inmediato","Outlet","revistas-ciencia","12","Producto premium de la categoría Ciencia y Espacio en liquidación y oferta.","189","RCI-017","25% OFF","N/A","Garantía oficial y entrega inmediata."
"RCI-018","Revista Historia de Iberia","assets/img/Revistas/istockphoto-609437196-612x612.webp","95","Inmediato","Outlet","revistas-ciencia","12","Producto premium de la categoría Ciencia y Espacio en liquidación y oferta.","128","RCI-018","25% OFF","N/A","Garantía oficial y entrega inmediata."
"RCI-019","Muy Interesante Especial Cerebro","assets/img/Revistas/istockphoto-609437196-612x612.webp","85","Inmediato","Outlet","revistas-ciencia","12","Producto premium de la categoría Ciencia y Espacio en liquidación y oferta.","114","RCI-019","25% OFF","N/A","Garantía oficial y entrega inmediata."
"RCI-020","NatGeo Especial Volcanes","assets/img/Revistas/istockphoto-609437196-612x612.webp","150","Inmediato","Outlet","revistas-ciencia","12","Producto premium de la categoría Ciencia y Espacio en liquidación y oferta.","202","RCI-020","25% OFF","N/A","Garantía oficial y entrega inmediata."
"RMD-001","Revista Vogue Edición México","assets/img/Revistas/istockphoto-609437196-612x612.webp","120","Inmediato","Outlet","revistas-moda","12","Producto premium de la categoría Moda y Tendencias en liquidación y oferta.","162","RMD-001","25% OFF","N/A","Garantía oficial y entrega inmediata."
"RMD-002","Revista Cosmopolitan Moda","assets/img/Revistas/istockphoto-609437196-612x612.webp","75","Inmediato","Outlet","revistas-moda","12","Producto premium de la categoría Moda y Tendencias en liquidación y oferta.","101","RMD-002","25% OFF","N/A","Garantía oficial y entrega inmediata."
"RMD-003","Revista Elle Moda Contemporánea","assets/img/Revistas/istockphoto-609437196-612x612.webp","95","Inmediato","Outlet","revistas-moda","12","Producto premium de la categoría Moda y Tendencias en liquidación y oferta.","128","RMD-003","25% OFF","N/A","Garantía oficial y entrega inmediata."
"RMD-004","Revista Harper's Bazaar","assets/img/Revistas/istockphoto-609437196-612x612.webp","110","Inmediato","Outlet","revistas-moda","12","Producto premium de la categoría Moda y Tendencias en liquidación y oferta.","148","RMD-004","25% OFF","N/A","Garantía oficial y entrega inmediata."
"RMD-005","Revista Marie Claire Tendencias","assets/img/Revistas/istockphoto-609437196-612x612.webp","85","Inmediato","Outlet","revistas-moda","12","Producto premium de la categoría Moda y Tendencias en liquidación y oferta.","114","RMD-005","25% OFF","N/A","Garantía oficial y entrega inmediata."
"RMD-006","Revista Vogue Colecciones Lujo","assets/img/Revistas/istockphoto-609437196-612x612.webp","160","Inmediato","Outlet","revistas-moda","12","Producto premium de la categoría Moda y Tendencias en liquidación y oferta.","216","RMD-006","25% OFF","N/A","Garantía oficial y entrega inmediata."
"RMD-007","Revista Cosmopolitan Belleza","assets/img/Revistas/istockphoto-609437196-612x612.webp","75","Inmediato","Outlet","revistas-moda","12","Producto premium de la categoría Moda y Tendencias en liquidación y oferta.","101","RMD-007","25% OFF","N/A","Garantía oficial y entrega inmediata."
"RMD-008","Revista Elle Especial Accesorios","assets/img/Revistas/istockphoto-609437196-612x612.webp","95","Inmediato","Outlet","revistas-moda","12","Producto premium de la categoría Moda y Tendencias en liquidación y oferta.","128","RMD-008","25% OFF","N/A","Garantía oficial y entrega inmediata."
"RMD-009","Revista Glamour Estilo de Vida","assets/img/Revistas/istockphoto-609437196-612x612.webp","65","Inmediato","Outlet","revistas-moda","12","Producto premium de la categoría Moda y Tendencias en liquidación y oferta.","87","RMD-009","25% OFF","N/A","Garantía oficial y entrega inmediata."
"RMD-010","Revista InStyle Tendencias Moda","assets/img/Revistas/istockphoto-609437196-612x612.webp","80","Inmediato","Outlet","revistas-moda","12","Producto premium de la categoría Moda y Tendencias en liquidación y oferta.","108","RMD-010","25% OFF","N/A","Garantía oficial y entrega inmediata."
"RMD-011","Revista Vogue Hombres Colección","assets/img/Revistas/istockphoto-609437196-612x612.webp","120","Inmediato","Outlet","revistas-moda","12","Producto premium de la categoría Moda y Tendencias en liquidación y oferta.","162","RMD-011","25% OFF","N/A","Garantía oficial y entrega inmediata."
"RMD-012","Revista Cosmopolitan Especial Novias","assets/img/Revistas/istockphoto-609437196-612x612.webp","95","Inmediato","Outlet","revistas-moda","12","Producto premium de la categoría Moda y Tendencias en liquidación y oferta.","128","RMD-012","25% OFF","N/A","Garantía oficial y entrega inmediata."
"RMD-013","Revista Elle Decoración Interiores","assets/img/Revistas/istockphoto-609437196-612x612.webp","95","Inmediato","Outlet","revistas-moda","12","Producto premium de la categoría Moda y Tendencias en liquidación y oferta.","128","RMD-013","25% OFF","N/A","Garantía oficial y entrega inmediata."
"RMD-014","Revista Harper's Bazaar Especial","assets/img/Revistas/istockphoto-609437196-612x612.webp","130","Inmediato","Outlet","revistas-moda","12","Producto premium de la categoría Moda y Tendencias en liquidación y oferta.","175","RMD-014","25% OFF","N/A","Garantía oficial y entrega inmediata."
"RMD-015","Revista Marie Claire Novias Lujo","assets/img/Revistas/istockphoto-609437196-612x612.webp","110","Inmediato","Outlet","revistas-moda","12","Producto premium de la categoría Moda y Tendencias en liquidación y oferta.","148","RMD-015","25% OFF","N/A","Garantía oficial y entrega inmediata."
"RMD-016","Revista Vogue Novias Colección","assets/img/Revistas/istockphoto-609437196-612x612.webp","160","Inmediato","Outlet","revistas-moda","12","Producto premium de la categoría Moda y Tendencias en liquidación y oferta.","216","RMD-016","25% OFF","N/A","Garantía oficial y entrega inmediata."
"RMD-017","Revista Cosmopolitan Hombres","assets/img/Revistas/istockphoto-609437196-612x612.webp","75","Inmediato","Outlet","revistas-moda","12","Producto premium de la categoría Moda y Tendencias en liquidación y oferta.","101","RMD-017","25% OFF","N/A","Garantía oficial y entrega inmediata."
"RMD-018","Revista Elle Colecciones París","assets/img/Revistas/istockphoto-609437196-612x612.webp","120","Inmediato","Outlet","revistas-moda","12","Producto premium de la categoría Moda y Tendencias en liquidación y oferta.","162","RMD-018","25% OFF","N/A","Garantía oficial y entrega inmediata."
"RMD-019","Revista Glamour Especial Piel","assets/img/Revistas/istockphoto-609437196-612x612.webp","65","Inmediato","Outlet","revistas-moda","12","Producto premium de la categoría Moda y Tendencias en liquidación y oferta.","87","RMD-019","25% OFF","N/A","Garantía oficial y entrega inmediata."
"RMD-020","Revista InStyle Especial Cabello","assets/img/Revistas/istockphoto-609437196-612x612.webp","80","Inmediato","Outlet","revistas-moda","12","Producto premium de la categoría Moda y Tendencias en liquidación y oferta.","108","RMD-020","25% OFF","N/A","Garantía oficial y entrega inmediata."
"RVJ-001","Revista NatGeo Viajes Completa","assets/img/Revistas/istockphoto-609437196-612x612.webp","95","Inmediato","Outlet","revistas-viajes","12","Producto premium de la categoría Viajes y Cultura en liquidación y oferta.","128","RVJ-001","25% OFF","N/A","Garantía oficial y entrega inmediata."
"RVJ-002","Revista Viajar Destinos Exóticos","assets/img/Revistas/istockphoto-609437196-612x612.webp","90","Inmediato","Outlet","revistas-viajes","12","Producto premium de la categoría Viajes y Cultura en liquidación y oferta.","121","RVJ-002","25% OFF","N/A","Garantía oficial y entrega inmediata."
"RVJ-003","Revista Condé Nast Traveler","assets/img/Revistas/istockphoto-609437196-612x612.webp","110","Inmediato","Outlet","revistas-viajes","12","Producto premium de la categoría Viajes y Cultura en liquidación y oferta.","148","RVJ-003","25% OFF","N/A","Garantía oficial y entrega inmediata."
"RVJ-004","Revista Lonely Planet México","assets/img/Revistas/istockphoto-609437196-612x612.webp","85","Inmediato","Outlet","revistas-viajes","12","Producto premium de la categoría Viajes y Cultura en liquidación y oferta.","114","RVJ-004","25% OFF","N/A","Garantía oficial y entrega inmediata."
"RVJ-005","Revista México Desconocido","assets/img/Revistas/istockphoto-609437196-612x612.webp","75","Inmediato","Outlet","revistas-viajes","12","Producto premium de la categoría Viajes y Cultura en liquidación y oferta.","101","RVJ-005","25% OFF","N/A","Garantía oficial y entrega inmediata."
"RVJ-006","NatGeo Viajes Especial Playas","assets/img/Revistas/istockphoto-609437196-612x612.webp","120","Inmediato","Outlet","revistas-viajes","12","Producto premium de la categoría Viajes y Cultura en liquidación y oferta.","162","RVJ-006","25% OFF","N/A","Garantía oficial y entrega inmediata."
"RVJ-007","Revista Viajar Rutas de Europa","assets/img/Revistas/istockphoto-609437196-612x612.webp","90","Inmediato","Outlet","revistas-viajes","12","Producto premium de la categoría Viajes y Cultura en liquidación y oferta.","121","RVJ-007","25% OFF","N/A","Garantía oficial y entrega inmediata."
"RVJ-008","Revista Condé Nast Especial Hoteles","assets/img/Revistas/istockphoto-609437196-612x612.webp","140","Inmediato","Outlet","revistas-viajes","12","Producto premium de la categoría Viajes y Cultura en liquidación y oferta.","189","RVJ-008","25% OFF","N/A","Garantía oficial y entrega inmediata."
"RVJ-009","Revista Lonely Planet Especial Asia","assets/img/Revistas/istockphoto-609437196-612x612.webp","110","Inmediato","Outlet","revistas-viajes","12","Producto premium de la categoría Viajes y Cultura en liquidación y oferta.","148","RVJ-009","25% OFF","N/A","Garantía oficial y entrega inmediata."
"RVJ-010","Revista México Desconocido Rutas","assets/img/Revistas/istockphoto-609437196-612x612.webp","75","Inmediato","Outlet","revistas-viajes","12","Producto premium de la categoría Viajes y Cultura en liquidación y oferta.","101","RVJ-010","25% OFF","N/A","Garantía oficial y entrega inmediata."
"RVJ-011","NatGeo Viajes Especial Sudamérica","assets/img/Revistas/istockphoto-609437196-612x612.webp","120","Inmediato","Outlet","revistas-viajes","12","Producto premium de la categoría Viajes y Cultura en liquidación y oferta.","162","RVJ-011","25% OFF","N/A","Garantía oficial y entrega inmediata."
"RVJ-012","Revista Viajar Guía de Cruceros","assets/img/Revistas/istockphoto-609437196-612x612.webp","90","Inmediato","Outlet","revistas-viajes","12","Producto premium de la categoría Viajes y Cultura en liquidación y oferta.","121","RVJ-012","25% OFF","N/A","Garantía oficial y entrega inmediata."
"RVJ-013","Revista Traveler Especial Gourmet","assets/img/Revistas/istockphoto-609437196-612x612.webp","110","Inmediato","Outlet","revistas-viajes","12","Producto premium de la categoría Viajes y Cultura en liquidación y oferta.","148","RVJ-013","25% OFF","N/A","Garantía oficial y entrega inmediata."
"RVJ-014","Revista Lonely Planet Europa","assets/img/Revistas/istockphoto-609437196-612x612.webp","85","Inmediato","Outlet","revistas-viajes","12","Producto premium de la categoría Viajes y Cultura en liquidación y oferta.","114","RVJ-014","25% OFF","N/A","Garantía oficial y entrega inmediata."
"RVJ-015","Revista México Desconocido Pueblos Magicos","assets/img/Revistas/istockphoto-609437196-612x612.webp","85","Inmediato","Outlet","revistas-viajes","12","Producto premium de la categoría Viajes y Cultura en liquidación y oferta.","114","RVJ-015","25% OFF","N/A","Garantía oficial y entrega inmediata."
"RVJ-016","NatGeo Viajes Especial Ciudades","assets/img/Revistas/istockphoto-609437196-612x612.webp","120","Inmediato","Outlet","revistas-viajes","12","Producto premium de la categoría Viajes y Cultura en liquidación y oferta.","162","RVJ-016","25% OFF","N/A","Garantía oficial y entrega inmediata."
"RVJ-017","Revista Viajar Especial Aventura","assets/img/Revistas/istockphoto-609437196-612x612.webp","90","Inmediato","Outlet","revistas-viajes","12","Producto premium de la categoría Viajes y Cultura en liquidación y oferta.","121","RVJ-017","25% OFF","N/A","Garantía oficial y entrega inmediata."
"RVJ-018","Revista Traveler Destinos 2026","assets/img/Revistas/istockphoto-609437196-612x612.webp","110","Inmediato","Outlet","revistas-viajes","12","Producto premium de la categoría Viajes y Cultura en liquidación y oferta.","148","RVJ-018","25% OFF","N/A","Garantía oficial y entrega inmediata."
"RVJ-019","Revista Lonely Planet Especial América","assets/img/Revistas/istockphoto-609437196-612x612.webp","110","Inmediato","Outlet","revistas-viajes","12","Producto premium de la categoría Viajes y Cultura en liquidación y oferta.","148","RVJ-019","25% OFF","N/A","Garantía oficial y entrega inmediata."
"RVJ-020","Revista México Desconocido Especial","assets/img/Revistas/istockphoto-609437196-612x612.webp","85","Inmediato","Outlet","revistas-viajes","12","Producto premium de la categoría Viajes y Cultura en liquidación y oferta.","114","RVJ-020","25% OFF","N/A","Garantía oficial y entrega inmediata."
"RTE-001","Revista Wired Edición Global","assets/img/Revistas/istockphoto-609437196-612x612.webp","140","Inmediato","Outlet","revistas-tecnologia","12","Producto premium de la categoría Tecnología y Motor en liquidación y oferta.","189","RTE-001","25% OFF","N/A","Garantía oficial y entrega inmediata."
"RTE-002","Revista PC Magazine Hardware","assets/img/Revistas/istockphoto-609437196-612x612.webp","95","Inmediato","Outlet","revistas-tecnologia","12","Producto premium de la categoría Tecnología y Motor en liquidación y oferta.","128","RTE-002","25% OFF","N/A","Garantía oficial y entrega inmediata."
"RTE-003","Revista Automóvil Especial Motor","assets/img/Revistas/istockphoto-609437196-612x612.webp","85","Inmediato","Outlet","revistas-tecnologia","12","Producto premium de la categoría Tecnología y Motor en liquidación y oferta.","114","RTE-003","25% OFF","N/A","Garantía oficial y entrega inmediata."
"RTE-004","Revista Wired Inteligencia Artificial","assets/img/Revistas/istockphoto-609437196-612x612.webp","150","Inmediato","Outlet","revistas-tecnologia","12","Producto premium de la categoría Tecnología y Motor en liquidación y oferta.","202","RTE-004","25% OFF","N/A","Garantía oficial y entrega inmediata."
"RTE-005","Revista PC Magazine Especial Redes","assets/img/Revistas/istockphoto-609437196-612x612.webp","95","Inmediato","Outlet","revistas-tecnologia","12","Producto premium de la categoría Tecnología y Motor en liquidación y oferta.","128","RTE-005","25% OFF","N/A","Garantía oficial y entrega inmediata."
"RTE-006","Revista Car and Driver Lujo","assets/img/Revistas/istockphoto-609437196-612x612.webp","90","Inmediato","Outlet","revistas-tecnologia","12","Producto premium de la categoría Tecnología y Motor en liquidación y oferta.","121","RTE-006","25% OFF","N/A","Garantía oficial y entrega inmediata."
"RTE-007","Revista Gadget Innovación Diaria","assets/img/Revistas/istockphoto-609437196-612x612.webp","75","Inmediato","Outlet","revistas-tecnologia","12","Producto premium de la categoría Tecnología y Motor en liquidación y oferta.","101","RTE-007","25% OFF","N/A","Garantía oficial y entrega inmediata."
"RTE-008","Revista T3 Tecnología de Consumo","assets/img/Revistas/istockphoto-609437196-612x612.webp","80","Inmediato","Outlet","revistas-tecnologia","12","Producto premium de la categoría Tecnología y Motor en liquidación y oferta.","108","RTE-008","25% OFF","N/A","Garantía oficial y entrega inmediata."
"RTE-009","Revista Motores y Pilotos Carrera","assets/img/Revistas/istockphoto-609437196-612x612.webp","85","Inmediato","Outlet","revistas-tecnologia","12","Producto premium de la categoría Tecnología y Motor en liquidación y oferta.","114","RTE-009","25% OFF","N/A","Garantía oficial y entrega inmediata."
"RTE-010","Revista Wired Futuro Digital","assets/img/Revistas/istockphoto-609437196-612x612.webp","140","Inmediato","Outlet","revistas-tecnologia","12","Producto premium de la categoría Tecnología y Motor en liquidación y oferta.","189","RTE-010","25% OFF","N/A","Garantía oficial y entrega inmediata."
"RTE-011","Revista PC Magazine Ciberseguridad","assets/img/Revistas/istockphoto-609437196-612x612.webp","95","Inmediato","Outlet","revistas-tecnologia","12","Producto premium de la categoría Tecnología y Motor en liquidación y oferta.","128","RTE-011","25% OFF","N/A","Garantía oficial y entrega inmediata."
"RTE-012","Revista Automóvil Superdeportivos","assets/img/Revistas/istockphoto-609437196-612x612.webp","95","Inmediato","Outlet","revistas-tecnologia","12","Producto premium de la categoría Tecnología y Motor en liquidación y oferta.","128","RTE-012","25% OFF","N/A","Garantía oficial y entrega inmediata."
"RTE-013","Revista Gadget Especial Gaming","assets/img/Revistas/istockphoto-609437196-612x612.webp","75","Inmediato","Outlet","revistas-tecnologia","12","Producto premium de la categoría Tecnología y Motor en liquidación y oferta.","101","RTE-013","25% OFF","N/A","Garantía oficial y entrega inmediata."
"RTE-014","Revista T3 Guía de Compras Lujo","assets/img/Revistas/istockphoto-609437196-612x612.webp","80","Inmediato","Outlet","revistas-tecnologia","12","Producto premium de la categoría Tecnología y Motor en liquidación y oferta.","108","RTE-014","25% OFF","N/A","Garantía oficial y entrega inmediata."
"RTE-015","Revista Motociclismo Aventura","assets/img/Revistas/istockphoto-609437196-612x612.webp","70","Inmediato","Outlet","revistas-tecnologia","12","Producto premium de la categoría Tecnología y Motor en liquidación y oferta.","94","RTE-015","25% OFF","N/A","Garantía oficial y entrega inmediata."
"RTE-016","Revista Wired Especial Robótica","assets/img/Revistas/istockphoto-609437196-612x612.webp","150","Inmediato","Outlet","revistas-tecnologia","12","Producto premium de la categoría Tecnología y Motor en liquidación y oferta.","202","RTE-016","25% OFF","N/A","Garantía oficial y entrega inmediata."
"RTE-017","Revista PC Magazine Guía de Software","assets/img/Revistas/istockphoto-609437196-612x612.webp","95","Inmediato","Outlet","revistas-tecnologia","12","Producto premium de la categoría Tecnología y Motor en liquidación y oferta.","128","RTE-017","25% OFF","N/A","Garantía oficial y entrega inmediata."
"RTE-018","Revista Automóvil Clásicos Lujo","assets/img/Revistas/istockphoto-609437196-612x612.webp","95","Inmediato","Outlet","revistas-tecnologia","12","Producto premium de la categoría Tecnología y Motor en liquidación y oferta.","128","RTE-018","25% OFF","N/A","Garantía oficial y entrega inmediata."
"RTE-019","Revista Gadget Smart Home Guía","assets/img/Revistas/istockphoto-609437196-612x612.webp","75","Inmediato","Outlet","revistas-tecnologia","12","Producto premium de la categoría Tecnología y Motor en liquidación y oferta.","101","RTE-019","25% OFF","N/A","Garantía oficial y entrega inmediata."
"RTE-020","Revista Car and Driver F1 Especial","assets/img/Revistas/istockphoto-609437196-612x612.webp","90","Inmediato","Outlet","revistas-tecnologia","12","Producto premium de la categoría Tecnología y Motor en liquidación y oferta.","121","RTE-020","25% OFF","N/A","Garantía oficial y entrega inmediata."
"RHG-001","Revista Vanidades Entretenimiento","assets/img/Revistas/istockphoto-609437196-612x612.webp","70","Inmediato","Outlet","revistas-hogar","12","Producto premium de la categoría Hogar y Cocina en liquidación y oferta.","94","RHG-001","25% OFF","N/A","Garantía oficial y entrega inmediata."
"RHG-002","Revista BuenHogar Ideas Prácticas","assets/img/Revistas/istockphoto-609437196-612x612.webp","65","Inmediato","Outlet","revistas-hogar","12","Producto premium de la categoría Hogar y Cocina en liquidación y oferta.","87","RHG-002","25% OFF","N/A","Garantía oficial y entrega inmediata."
"RHG-003","Revista Cocina Fácil Recetas","assets/img/Revistas/istockphoto-609437196-612x612.webp","55","Inmediato","Outlet","revistas-hogar","12","Producto premium de la categoría Hogar y Cocina en liquidación y oferta.","74","RHG-003","25% OFF","N/A","Garantía oficial y entrega inmediata."
"RHG-004","Revista Vanidades Especial Realeza","assets/img/Revistas/istockphoto-609437196-612x612.webp","85","Inmediato","Outlet","revistas-hogar","12","Producto premium de la categoría Hogar y Cocina en liquidación y oferta.","114","RHG-004","25% OFF","N/A","Garantía oficial y entrega inmediata."
"RHG-005","Revista BuenHogar Decoración","assets/img/Revistas/istockphoto-609437196-612x612.webp","65","Inmediato","Outlet","revistas-hogar","12","Producto premium de la categoría Hogar y Cocina en liquidación y oferta.","87","RHG-005","25% OFF","N/A","Garantía oficial y entrega inmediata."
"RHG-006","Revista Cocina Fácil Repostería","assets/img/Revistas/istockphoto-609437196-612x612.webp","55","Inmediato","Outlet","revistas-hogar","12","Producto premium de la categoría Hogar y Cocina en liquidación y oferta.","74","RHG-006","25% OFF","N/A","Garantía oficial y entrega inmediata."
"RHG-007","Revista Casa y Jardín Paisajismo","assets/img/Revistas/istockphoto-609437196-612x612.webp","80","Inmediato","Outlet","revistas-hogar","12","Producto premium de la categoría Hogar y Cocina en liquidación y oferta.","108","RHG-007","25% OFF","N/A","Garantía oficial y entrega inmediata."
"RHG-008","Revista Arquitectura y Diseño","assets/img/Revistas/istockphoto-609437196-612x612.webp","110","Inmediato","Outlet","revistas-hogar","12","Producto premium de la categoría Hogar y Cocina en liquidación y oferta.","148","RHG-008","25% OFF","N/A","Garantía oficial y entrega inmediata."
"RHG-009","Revista Cocina Saludable Dieta","assets/img/Revistas/istockphoto-609437196-612x612.webp","55","Inmediato","Outlet","revistas-hogar","12","Producto premium de la categoría Hogar y Cocina en liquidación y oferta.","74","RHG-009","25% OFF","N/A","Garantía oficial y entrega inmediata."
"RHG-010","Revista Vanidades Especial Recetas","assets/img/Revistas/istockphoto-609437196-612x612.webp","85","Inmediato","Outlet","revistas-hogar","12","Producto premium de la categoría Hogar y Cocina en liquidación y oferta.","114","RHG-010","25% OFF","N/A","Garantía oficial y entrega inmediata."
"RHG-011","Revista BuenHogar Organización","assets/img/Revistas/istockphoto-609437196-612x612.webp","65","Inmediato","Outlet","revistas-hogar","12","Producto premium de la categoría Hogar y Cocina en liquidación y oferta.","87","RHG-011","25% OFF","N/A","Garantía oficial y entrega inmediata."
"RHG-012","Revista Cocina Fácil Antojitos","assets/img/Revistas/istockphoto-609437196-612x612.webp","55","Inmediato","Outlet","revistas-hogar","12","Producto premium de la categoría Hogar y Cocina en liquidación y oferta.","74","RHG-012","25% OFF","N/A","Garantía oficial y entrega inmediata."
"RHG-013","Revista Casa y Jardín Interiores","assets/img/Revistas/istockphoto-609437196-612x612.webp","80","Inmediato","Outlet","revistas-hogar","12","Producto premium de la categoría Hogar y Cocina en liquidación y oferta.","108","RHG-013","25% OFF","N/A","Garantía oficial y entrega inmediata."
"RHG-014","Revista Arquitectura y Diseño Lujo","assets/img/Revistas/istockphoto-609437196-612x612.webp","130","Inmediato","Outlet","revistas-hogar","12","Producto premium de la categoría Hogar y Cocina en liquidación y oferta.","175","RHG-014","25% OFF","N/A","Garantía oficial y entrega inmediata."
"RHG-015","Revista Cocina Italiana Recetas","assets/img/Revistas/istockphoto-609437196-612x612.webp","55","Inmediato","Outlet","revistas-hogar","12","Producto premium de la categoría Hogar y Cocina en liquidación y oferta.","74","RHG-015","25% OFF","N/A","Garantía oficial y entrega inmediata."
"RHG-016","Revista Vanidades Especial Moda","assets/img/Revistas/istockphoto-609437196-612x612.webp","85","Inmediato","Outlet","revistas-hogar","12","Producto premium de la categoría Hogar y Cocina en liquidación y oferta.","114","RHG-016","25% OFF","N/A","Garantía oficial y entrega inmediata."
"RHG-017","Revista BuenHogar Especial Navidad","assets/img/Revistas/istockphoto-609437196-612x612.webp","80","Inmediato","Outlet","revistas-hogar","12","Producto premium de la categoría Hogar y Cocina en liquidación y oferta.","108","RHG-017","25% OFF","N/A","Garantía oficial y entrega inmediata."
"RHG-018","Revista Cocina Fácil Rápida","assets/img/Revistas/istockphoto-609437196-612x612.webp","55","Inmediato","Outlet","revistas-hogar","12","Producto premium de la categoría Hogar y Cocina en liquidación y oferta.","74","RHG-018","25% OFF","N/A","Garantía oficial y entrega inmediata."
"RHG-019","Revista Casa y Jardín Piscinas","assets/img/Revistas/istockphoto-609437196-612x612.webp","80","Inmediato","Outlet","revistas-hogar","12","Producto premium de la categoría Hogar y Cocina en liquidación y oferta.","108","RHG-019","25% OFF","N/A","Garantía oficial y entrega inmediata."
"RHG-020","Revista Arquitectura Sustentable","assets/img/Revistas/istockphoto-609437196-612x612.webp","110","Inmediato","Outlet","revistas-hogar","12","Producto premium de la categoría Hogar y Cocina en liquidación y oferta.","148","RHG-020","25% OFF","N/A","Garantía oficial y entrega inmediata."
"CMV-001","Comic Spider-Man No. 1 Edición 2026","assets/img/Revistas/istockphoto-609437196-612x612.webp","75","Inmediato","Outlet","comics-marvel","12","Producto premium de la categoría Marvel y DC en liquidación y oferta.","101","CMV-001","25% OFF","N/A","Garantía oficial y entrega inmediata."
"CMV-002","Comic Batman: Detective Comics 1","assets/img/Revistas/istockphoto-609437196-612x612.webp","75","Inmediato","Outlet","comics-marvel","12","Producto premium de la categoría Marvel y DC en liquidación y oferta.","101","CMV-002","25% OFF","N/A","Garantía oficial y entrega inmediata."
"CMV-003","Comic Avengers Assemble Vol. 1","assets/img/Revistas/istockphoto-609437196-612x612.webp","85","Inmediato","Outlet","comics-marvel","12","Producto premium de la categoría Marvel y DC en liquidación y oferta.","114","CMV-003","25% OFF","N/A","Garantía oficial y entrega inmediata."
"CMV-004","Comic Superman: Action Comics 1","assets/img/Revistas/istockphoto-609437196-612x612.webp","75","Inmediato","Outlet","comics-marvel","12","Producto premium de la categoría Marvel y DC en liquidación y oferta.","101","CMV-004","25% OFF","N/A","Garantía oficial y entrega inmediata."
"CMV-005","Comic X-Men: First Class Vol. 1","assets/img/Revistas/istockphoto-609437196-612x612.webp","85","Inmediato","Outlet","comics-marvel","12","Producto premium de la categoría Marvel y DC en liquidación y oferta.","114","CMV-005","25% OFF","N/A","Garantía oficial y entrega inmediata."
"CMV-006","Comic Wonder Woman: Rebirth 1","assets/img/Revistas/istockphoto-609437196-612x612.webp","75","Inmediato","Outlet","comics-marvel","12","Producto premium de la categoría Marvel y DC en liquidación y oferta.","101","CMV-006","25% OFF","N/A","Garantía oficial y entrega inmediata."
"CMV-007","Comic Iron Man: Extremis Classic","assets/img/Revistas/istockphoto-609437196-612x612.webp","95","Inmediato","Outlet","comics-marvel","12","Producto premium de la categoría Marvel y DC en liquidación y oferta.","128","CMV-007","25% OFF","N/A","Garantía oficial y entrega inmediata."
"CMV-008","Comic Flash: Rebirth Vol. 1","assets/img/Revistas/istockphoto-609437196-612x612.webp","75","Inmediato","Outlet","comics-marvel","12","Producto premium de la categoría Marvel y DC en liquidación y oferta.","101","CMV-008","25% OFF","N/A","Garantía oficial y entrega inmediata."
"CMV-009","Comic Thor: God of Thunder 1","assets/img/Revistas/istockphoto-609437196-612x612.webp","85","Inmediato","Outlet","comics-marvel","12","Producto premium de la categoría Marvel y DC en liquidación y oferta.","114","CMV-009","25% OFF","N/A","Garantía oficial y entrega inmediata."
"CMV-010","Comic Justice League: Origin 1","assets/img/Revistas/istockphoto-609437196-612x612.webp","85","Inmediato","Outlet","comics-marvel","12","Producto premium de la categoría Marvel y DC en liquidación y oferta.","114","CMV-010","25% OFF","N/A","Garantía oficial y entrega inmediata."
"CMV-011","Comic Spider-Man Miles Morales 1","assets/img/Revistas/istockphoto-609437196-612x612.webp","75","Inmediato","Outlet","comics-marvel","12","Producto premium de la categoría Marvel y DC en liquidación y oferta.","101","CMV-011","25% OFF","N/A","Garantía oficial y entrega inmediata."
"CMV-012","Comic Batman: The Dark Knight 1","assets/img/Revistas/istockphoto-609437196-612x612.webp","75","Inmediato","Outlet","comics-marvel","12","Producto premium de la categoría Marvel y DC en liquidación y oferta.","101","CMV-012","25% OFF","N/A","Garantía oficial y entrega inmediata."
"CMV-013","Comic Avengers World Vol. 2","assets/img/Revistas/istockphoto-609437196-612x612.webp","85","Inmediato","Outlet","comics-marvel","12","Producto premium de la categoría Marvel y DC en liquidación y oferta.","114","CMV-013","25% OFF","N/A","Garantía oficial y entrega inmediata."
"CMV-014","Comic Superman: Son of Kal-El 1","assets/img/Revistas/istockphoto-609437196-612x612.webp","75","Inmediato","Outlet","comics-marvel","12","Producto premium de la categoría Marvel y DC en liquidación y oferta.","101","CMV-014","25% OFF","N/A","Garantía oficial y entrega inmediata."
"CMV-015","Comic X-Men: Mutant Genesis 1","assets/img/Revistas/istockphoto-609437196-612x612.webp","85","Inmediato","Outlet","comics-marvel","12","Producto premium de la categoría Marvel y DC en liquidación y oferta.","114","CMV-015","25% OFF","N/A","Garantía oficial y entrega inmediata."
"CMV-016","Comic Green Lantern: Rebirth 1","assets/img/Revistas/istockphoto-609437196-612x612.webp","75","Inmediato","Outlet","comics-marvel","12","Producto premium de la categoría Marvel y DC en liquidación y oferta.","101","CMV-016","25% OFF","N/A","Garantía oficial y entrega inmediata."
"CMV-017","Comic Captain America: Ryo 1","assets/img/Revistas/istockphoto-609437196-612x612.webp","75","Inmediato","Outlet","comics-marvel","12","Producto premium de la categoría Marvel y DC en liquidación y oferta.","101","CMV-017","25% OFF","N/A","Garantía oficial y entrega inmediata."
"CMV-018","Comic Aquaman: The Trench 1","assets/img/Revistas/istockphoto-609437196-612x612.webp","75","Inmediato","Outlet","comics-marvel","12","Producto premium de la categoría Marvel y DC en liquidación y oferta.","101","CMV-018","25% OFF","N/A","Garantía oficial y entrega inmediata."
"CMV-019","Comic Guardians of the Galaxy 1","assets/img/Revistas/istockphoto-609437196-612x612.webp","85","Inmediato","Outlet","comics-marvel","12","Producto premium de la categoría Marvel y DC en liquidación y oferta.","114","CMV-019","25% OFF","N/A","Garantía oficial y entrega inmediata."
"CMV-020","Comic Justice League: War Vol. 2","assets/img/Revistas/istockphoto-609437196-612x612.webp","85","Inmediato","Outlet","comics-marvel","12","Producto premium de la categoría Marvel y DC en liquidación y oferta.","114","CMV-020","25% OFF","N/A","Garantía oficial y entrega inmediata."
"CIN-001","Comic Saga Vol. 1 Image Comics","assets/img/Revistas/istockphoto-609437196-612x612.webp","199","Inmediato","Outlet","comics-indie","12","Producto premium de la categoría Cómics Independientes en liquidación y oferta.","268","CIN-001","25% OFF","N/A","Garantía oficial y entrega inmediata."
"CIN-002","Comic Spawn Classic No. 1","assets/img/Revistas/istockphoto-609437196-612x612.webp","99","Inmediato","Outlet","comics-indie","12","Producto premium de la categoría Cómics Independientes en liquidación y oferta.","133","CIN-002","25% OFF","N/A","Garantía oficial y entrega inmediata."
"CIN-003","Comic Invincible Vol. 1 Colección","assets/img/Revistas/istockphoto-609437196-612x612.webp","220","Inmediato","Outlet","comics-indie","12","Producto premium de la categoría Cómics Independientes en liquidación y oferta.","297","CIN-003","25% OFF","N/A","Garantía oficial y entrega inmediata."
"CIN-004","Comic The Walking Dead Vol. 1","assets/img/Revistas/istockphoto-609437196-612x612.webp","180","Inmediato","Outlet","comics-indie","12","Producto premium de la categoría Cómics Independientes en liquidación y oferta.","243","CIN-004","25% OFF","N/A","Garantía oficial y entrega inmediata."
"CIN-005","Comic Hellboy: Seed of Destruction","assets/img/Revistas/istockphoto-609437196-612x612.webp","249","Inmediato","Outlet","comics-indie","12","Producto premium de la categoría Cómics Independientes en liquidación y oferta.","336","CIN-005","25% OFF","N/A","Garantía oficial y entrega inmediata."
"CIN-006","Comic Saga Vol. 2 Image Comics","assets/img/Revistas/istockphoto-609437196-612x612.webp","199","Inmediato","Outlet","comics-indie","12","Producto premium de la categoría Cómics Independientes en liquidación y oferta.","268","CIN-006","25% OFF","N/A","Garantía oficial y entrega inmediata."
"CIN-007","Comic Spawn Resurrection No. 2","assets/img/Revistas/istockphoto-609437196-612x612.webp","99","Inmediato","Outlet","comics-indie","12","Producto premium de la categoría Cómics Independientes en liquidación y oferta.","133","CIN-007","25% OFF","N/A","Garantía oficial y entrega inmediata."
"CIN-008","Comic Invincible Vol. 2 Colección","assets/img/Revistas/istockphoto-609437196-612x612.webp","220","Inmediato","Outlet","comics-indie","12","Producto premium de la categoría Cómics Independientes en liquidación y oferta.","297","CIN-008","25% OFF","N/A","Garantía oficial y entrega inmediata."
"CIN-009","Comic The Walking Dead Vol. 2","assets/img/Revistas/istockphoto-609437196-612x612.webp","180","Inmediato","Outlet","comics-indie","12","Producto premium de la categoría Cómics Independientes en liquidación y oferta.","243","CIN-009","25% OFF","N/A","Garantía oficial y entrega inmediata."
"CIN-010","Comic Hellboy: Wake the Devil","assets/img/Revistas/istockphoto-609437196-612x612.webp","249","Inmediato","Outlet","comics-indie","12","Producto premium de la categoría Cómics Independientes en liquidación y oferta.","336","CIN-010","25% OFF","N/A","Garantía oficial y entrega inmediata."
"CIN-011","Comic Something is Killing Children 1","assets/img/Revistas/istockphoto-609437196-612x612.webp","120","Inmediato","Outlet","comics-indie","12","Producto premium de la categoría Cómics Independientes en liquidación y oferta.","162","CIN-011","25% OFF","N/A","Garantía oficial y entrega inmediata."
"CIN-012","Comic Paper Girls Vol. 1 Complete","assets/img/Revistas/istockphoto-609437196-612x612.webp","199","Inmediato","Outlet","comics-indie","12","Producto premium de la categoría Cómics Independientes en liquidación y oferta.","268","CIN-012","25% OFF","N/A","Garantía oficial y entrega inmediata."
"CIN-013","Comic Locke & Key Vol. 1 Welcome","assets/img/Revistas/istockphoto-609437196-612x612.webp","210","Inmediato","Outlet","comics-indie","12","Producto premium de la categoría Cómics Independientes en liquidación y oferta.","283","CIN-013","25% OFF","N/A","Garantía oficial y entrega inmediata."
"CIN-014","Comic Monstress Vol. 1 Awakening","assets/img/Revistas/istockphoto-609437196-612x612.webp","199","Inmediato","Outlet","comics-indie","12","Producto premium de la categoría Cómics Independientes en liquidación y oferta.","268","CIN-014","25% OFF","N/A","Garantía oficial y entrega inmediata."
"CIN-015","Comic The Umbrella Academy Vol. 1","assets/img/Revistas/istockphoto-609437196-612x612.webp","220","Inmediato","Outlet","comics-indie","12","Producto premium de la categoría Cómics Independientes en liquidación y oferta.","297","CIN-015","25% OFF","N/A","Garantía oficial y entrega inmediata."
"CIN-016","Comic Something is Killing Children 2","assets/img/Revistas/istockphoto-609437196-612x612.webp","120","Inmediato","Outlet","comics-indie","12","Producto premium de la categoría Cómics Independientes en liquidación y oferta.","162","CIN-016","25% OFF","N/A","Garantía oficial y entrega inmediata."
"CIN-017","Comic Paper Girls Vol. 2 Complete","assets/img/Revistas/istockphoto-609437196-612x612.webp","199","Inmediato","Outlet","comics-indie","12","Producto premium de la categoría Cómics Independientes en liquidación y oferta.","268","CIN-017","25% OFF","N/A","Garantía oficial y entrega inmediata."
"CIN-018","Comic Locke & Key Vol. 2 Head Games","assets/img/Revistas/istockphoto-609437196-612x612.webp","210","Inmediato","Outlet","comics-indie","12","Producto premium de la categoría Cómics Independientes en liquidación y oferta.","283","CIN-018","25% OFF","N/A","Garantía oficial y entrega inmediata."
"CIN-019","Comic Monstress Vol. 2 Blood","assets/img/Revistas/istockphoto-609437196-612x612.webp","199","Inmediato","Outlet","comics-indie","12","Producto premium de la categoría Cómics Independientes en liquidación y oferta.","268","CIN-019","25% OFF","N/A","Garantía oficial y entrega inmediata."
"CIN-020","Comic The Umbrella Academy Vol. 2","assets/img/Revistas/istockphoto-609437196-612x612.webp","220","Inmediato","Outlet","comics-indie","12","Producto premium de la categoría Cómics Independientes en liquidación y oferta.","297","CIN-020","25% OFF","N/A","Garantía oficial y entrega inmediata."
"MSN-001","Manga One Piece Vol. 100","assets/img/Revistas/istockphoto-609437196-612x612.webp","149","Inmediato","Outlet","manga-shonen","12","Producto premium de la categoría Manga Shonen en liquidación y oferta.","201","MSN-001","25% OFF","N/A","Garantía oficial y entrega inmediata."
"MSN-002","Manga Naruto Gold Vol. 1","assets/img/Revistas/istockphoto-609437196-612x612.webp","139","Inmediato","Outlet","manga-shonen","12","Producto premium de la categoría Manga Shonen en liquidación y oferta.","187","MSN-002","25% OFF","N/A","Garantía oficial y entrega inmediata."
"MSN-003","Manga Demon Slayer Vol. 1","assets/img/Revistas/istockphoto-609437196-612x612.webp","129","Inmediato","Outlet","manga-shonen","12","Producto premium de la categoría Manga Shonen en liquidación y oferta.","174","MSN-003","25% OFF","N/A","Garantía oficial y entrega inmediata."
"MSN-004","Manga Jujutsu Kaisen Vol. 1","assets/img/Revistas/istockphoto-609437196-612x612.webp","129","Inmediato","Outlet","manga-shonen","12","Producto premium de la categoría Manga Shonen en liquidación y oferta.","174","MSN-004","25% OFF","N/A","Garantía oficial y entrega inmediata."
"MSN-005","Manga My Hero Academia Vol. 1","assets/img/Revistas/istockphoto-609437196-612x612.webp","129","Inmediato","Outlet","manga-shonen","12","Producto premium de la categoría Manga Shonen en liquidación y oferta.","174","MSN-005","25% OFF","N/A","Garantía oficial y entrega inmediata."
"MSN-006","Manga One Piece Vol. 101","assets/img/Revistas/istockphoto-609437196-612x612.webp","149","Inmediato","Outlet","manga-shonen","12","Producto premium de la categoría Manga Shonen en liquidación y oferta.","201","MSN-006","25% OFF","N/A","Garantía oficial y entrega inmediata."
"MSN-007","Manga Naruto Gold Vol. 2","assets/img/Revistas/istockphoto-609437196-612x612.webp","139","Inmediato","Outlet","manga-shonen","12","Producto premium de la categoría Manga Shonen en liquidación y oferta.","187","MSN-007","25% OFF","N/A","Garantía oficial y entrega inmediata."
"MSN-008","Manga Demon Slayer Vol. 2","assets/img/Revistas/istockphoto-609437196-612x612.webp","129","Inmediato","Outlet","manga-shonen","12","Producto premium de la categoría Manga Shonen en liquidación y oferta.","174","MSN-008","25% OFF","N/A","Garantía oficial y entrega inmediata."
"MSN-009","Manga Jujutsu Kaisen Vol. 2","assets/img/Revistas/istockphoto-609437196-612x612.webp","129","Inmediato","Outlet","manga-shonen","12","Producto premium de la categoría Manga Shonen en liquidación y oferta.","174","MSN-009","25% OFF","N/A","Garantía oficial y entrega inmediata."
"MSN-010","Manga My Hero Academia Vol. 2","assets/img/Revistas/istockphoto-609437196-612x612.webp","129","Inmediato","Outlet","manga-shonen","12","Producto premium de la categoría Manga Shonen en liquidación y oferta.","174","MSN-010","25% OFF","N/A","Garantía oficial y entrega inmediata."
"MSN-011","Manga Chainsaw Man Vol. 1","assets/img/Revistas/istockphoto-609437196-612x612.webp","139","Inmediato","Outlet","manga-shonen","12","Producto premium de la categoría Manga Shonen en liquidación y oferta.","187","MSN-011","25% OFF","N/A","Garantía oficial y entrega inmediata."
"MSN-012","Manga Attack on Titan Vol. 1","assets/img/Revistas/istockphoto-609437196-612x612.webp","149","Inmediato","Outlet","manga-shonen","12","Producto premium de la categoría Manga Shonen en liquidación y oferta.","201","MSN-012","25% OFF","N/A","Garantía oficial y entrega inmediata."
"MSN-013","Manga Hunter x Hunter Vol. 1","assets/img/Revistas/istockphoto-609437196-612x612.webp","139","Inmediato","Outlet","manga-shonen","12","Producto premium de la categoría Manga Shonen en liquidación y oferta.","187","MSN-013","25% OFF","N/A","Garantía oficial y entrega inmediata."
"MSN-014","Manga Bleach Gold Vol. 1","assets/img/Revistas/istockphoto-609437196-612x612.webp","139","Inmediato","Outlet","manga-shonen","12","Producto premium de la categoría Manga Shonen en liquidación y oferta.","187","MSN-014","25% OFF","N/A","Garantía oficial y entrega inmediata."
"MSN-015","Manga Dragon Ball Super Vol. 1","assets/img/Revistas/istockphoto-609437196-612x612.webp","129","Inmediato","Outlet","manga-shonen","12","Producto premium de la categoría Manga Shonen en liquidación y oferta.","174","MSN-015","25% OFF","N/A","Garantía oficial y entrega inmediata."
"MSN-016","Manga Chainsaw Man Vol. 2","assets/img/Revistas/istockphoto-609437196-612x612.webp","139","Inmediato","Outlet","manga-shonen","12","Producto premium de la categoría Manga Shonen en liquidación y oferta.","187","MSN-016","25% OFF","N/A","Garantía oficial y entrega inmediata."
"MSN-017","Manga Attack on Titan Vol. 2","assets/img/Revistas/istockphoto-609437196-612x612.webp","149","Inmediato","Outlet","manga-shonen","12","Producto premium de la categoría Manga Shonen en liquidación y oferta.","201","MSN-017","25% OFF","N/A","Garantía oficial y entrega inmediata."
"MSN-018","Manga Hunter x Hunter Vol. 2","assets/img/Revistas/istockphoto-609437196-612x612.webp","139","Inmediato","Outlet","manga-shonen","12","Producto premium de la categoría Manga Shonen en liquidación y oferta.","187","MSN-018","25% OFF","N/A","Garantía oficial y entrega inmediata."
"MSN-019","Manga Bleach Gold Vol. 2","assets/img/Revistas/istockphoto-609437196-612x612.webp","139","Inmediato","Outlet","manga-shonen","12","Producto premium de la categoría Manga Shonen en liquidación y oferta.","187","MSN-019","25% OFF","N/A","Garantía oficial y entrega inmediata."
"MSN-020","Manga Dragon Ball Super Vol. 2","assets/img/Revistas/istockphoto-609437196-612x612.webp","129","Inmediato","Outlet","manga-shonen","12","Producto premium de la categoría Manga Shonen en liquidación y oferta.","174","MSN-020","25% OFF","N/A","Garantía oficial y entrega inmediata."
"MSJ-001","Manga Sailor Moon Eternal Vol. 1","assets/img/Revistas/istockphoto-609437196-612x612.webp","249","Inmediato","Outlet","manga-shojo","12","Producto premium de la categoría Manga Shojo en liquidación y oferta.","336","MSJ-001","25% OFF","N/A","Garantía oficial y entrega inmediata."
"MSJ-002","Manga Fruits Basket Collector 1","assets/img/Revistas/istockphoto-609437196-612x612.webp","299","Inmediato","Outlet","manga-shojo","12","Producto premium de la categoría Manga Shojo en liquidación y oferta.","403","MSJ-002","25% OFF","N/A","Garantía oficial y entrega inmediata."
"MSJ-003","Manga Kimi ni Todoke Vol. 1","assets/img/Revistas/istockphoto-609437196-612x612.webp","129","Inmediato","Outlet","manga-shojo","12","Producto premium de la categoría Manga Shojo en liquidación y oferta.","174","MSJ-003","25% OFF","N/A","Garantía oficial y entrega inmediata."
"MSJ-004","Manga Ao Haru Ride Vol. 1","assets/img/Revistas/istockphoto-609437196-612x612.webp","129","Inmediato","Outlet","manga-shojo","12","Producto premium de la categoría Manga Shojo en liquidación y oferta.","174","MSJ-004","25% OFF","N/A","Garantía oficial y entrega inmediata."
"MSJ-005","Manga Orange Collector Vol. 1","assets/img/Revistas/istockphoto-609437196-612x612.webp","220","Inmediato","Outlet","manga-shojo","12","Producto premium de la categoría Manga Shojo en liquidación y oferta.","297","MSJ-005","25% OFF","N/A","Garantía oficial y entrega inmediata."
"MSJ-006","Manga Sailor Moon Eternal Vol. 2","assets/img/Revistas/istockphoto-609437196-612x612.webp","249","Inmediato","Outlet","manga-shojo","12","Producto premium de la categoría Manga Shojo en liquidación y oferta.","336","MSJ-006","25% OFF","N/A","Garantía oficial y entrega inmediata."
"MSJ-007","Manga Fruits Basket Collector 2","assets/img/Revistas/istockphoto-609437196-612x612.webp","299","Inmediato","Outlet","manga-shojo","12","Producto premium de la categoría Manga Shojo en liquidación y oferta.","403","MSJ-007","25% OFF","N/A","Garantía oficial y entrega inmediata."
"MSJ-008","Manga Kimi ni Todoke Vol. 2","assets/img/Revistas/istockphoto-609437196-612x612.webp","129","Inmediato","Outlet","manga-shojo","12","Producto premium de la categoría Manga Shojo en liquidación y oferta.","174","MSJ-008","25% OFF","N/A","Garantía oficial y entrega inmediata."
"MSJ-009","Manga Ao Haru Ride Vol. 2","assets/img/Revistas/istockphoto-609437196-612x612.webp","129","Inmediato","Outlet","manga-shojo","12","Producto premium de la categoría Manga Shojo en liquidación y oferta.","174","MSJ-009","25% OFF","N/A","Garantía oficial y entrega inmediata."
"MSJ-010","Manga Orange Collector Vol. 2","assets/img/Revistas/istockphoto-609437196-612x612.webp","220","Inmediato","Outlet","manga-shojo","12","Producto premium de la categoría Manga Shojo en liquidación y oferta.","297","MSJ-010","25% OFF","N/A","Garantía oficial y entrega inmediata."
"MSJ-011","Manga Nana Vol. 1 Yazawa Class","assets/img/Revistas/istockphoto-609437196-612x612.webp","139","Inmediato","Outlet","manga-shojo","12","Producto premium de la categoría Manga Shojo en liquidación y oferta.","187","MSJ-011","25% OFF","N/A","Garantía oficial y entrega inmediata."
"MSJ-012","Manga Cardcaptor Sakura Clow 1","assets/img/Revistas/istockphoto-609437196-612x612.webp","189","Inmediato","Outlet","manga-shojo","12","Producto premium de la categoría Manga Shojo en liquidación y oferta.","255","MSJ-012","25% OFF","N/A","Garantía oficial y entrega inmediata."
"MSJ-013","Manga Ouran High Host Club Vol. 1","assets/img/Revistas/istockphoto-609437196-612x612.webp","129","Inmediato","Outlet","manga-shojo","12","Producto premium de la categoría Manga Shojo en liquidación y oferta.","174","MSJ-013","25% OFF","N/A","Garantía oficial y entrega inmediata."
"MSJ-014","Manga Maid Sama! Vol. 1 Double","assets/img/Revistas/istockphoto-609437196-612x612.webp","169","Inmediato","Outlet","manga-shojo","12","Producto premium de la categoría Manga Shojo en liquidación y oferta.","228","MSJ-014","25% OFF","N/A","Garantía oficial y entrega inmediata."
"MSJ-015","Manga Yona of the Dawn Vol. 1","assets/img/Revistas/istockphoto-609437196-612x612.webp","129","Inmediato","Outlet","manga-shojo","12","Producto premium de la categoría Manga Shojo en liquidación y oferta.","174","MSJ-015","25% OFF","N/A","Garantía oficial y entrega inmediata."
"MSJ-016","Manga Nana Vol. 2 Yazawa Class","assets/img/Revistas/istockphoto-609437196-612x612.webp","139","Inmediato","Outlet","manga-shojo","12","Producto premium de la categoría Manga Shojo en liquidación y oferta.","187","MSJ-016","25% OFF","N/A","Garantía oficial y entrega inmediata."
"MSJ-017","Manga Cardcaptor Sakura Clow 2","assets/img/Revistas/istockphoto-609437196-612x612.webp","189","Inmediato","Outlet","manga-shojo","12","Producto premium de la categoría Manga Shojo en liquidación y oferta.","255","MSJ-017","25% OFF","N/A","Garantía oficial y entrega inmediata."
"MSJ-018","Manga Ouran High Host Club Vol. 2","assets/img/Revistas/istockphoto-609437196-612x612.webp","129","Inmediato","Outlet","manga-shojo","12","Producto premium de la categoría Manga Shojo en liquidación y oferta.","174","MSJ-018","25% OFF","N/A","Garantía oficial y entrega inmediata."
"MSJ-019","Manga Maid Sama! Vol. 2 Double","assets/img/Revistas/istockphoto-609437196-612x612.webp","169","Inmediato","Outlet","manga-shojo","12","Producto premium de la categoría Manga Shojo en liquidación y oferta.","228","MSJ-019","25% OFF","N/A","Garantía oficial y entrega inmediata."
"MSJ-020","Manga Yona of the Dawn Vol. 2","assets/img/Revistas/istockphoto-609437196-612x612.webp","129","Inmediato","Outlet","manga-shojo","12","Producto premium de la categoría Manga Shojo en liquidación y oferta.","174","MSJ-020","25% OFF","N/A","Garantía oficial y entrega inmediata."
"LBR-001","Libro Cien Años de Soledad","assets/img/Revistas/istockphoto-609437196-612x612.webp","240","Inmediato","Outlet","libros","12","Producto premium de la categoría Libros de Bolsillo en liquidación y oferta.","324","LBR-001","25% OFF","N/A","Garantía oficial y entrega inmediata."
"LBR-002","Libro El Alquimista Coelho","assets/img/Revistas/istockphoto-609437196-612x612.webp","180","Inmediato","Outlet","libros","12","Producto premium de la categoría Libros de Bolsillo en liquidación y oferta.","243","LBR-002","25% OFF","N/A","Garantía oficial y entrega inmediata."
"LBR-003","Novela 1984 George Orwell","assets/img/Revistas/istockphoto-609437196-612x612.webp","150","Inmediato","Outlet","libros","12","Producto premium de la categoría Libros de Bolsillo en liquidación y oferta.","202","LBR-003","25% OFF","N/A","Garantía oficial y entrega inmediata."
"LBR-004","Libro Rebelión en la Granja","assets/img/Revistas/istockphoto-609437196-612x612.webp","120","Inmediato","Outlet","libros","12","Producto premium de la categoría Libros de Bolsillo en liquidación y oferta.","162","LBR-004","25% OFF","N/A","Garantía oficial y entrega inmediata."
"LBR-005","Libro El Principito Saint-Exupéry","assets/img/Revistas/istockphoto-609437196-612x612.webp","99","Inmediato","Outlet","libros","12","Producto premium de la categoría Libros de Bolsillo en liquidación y oferta.","133","LBR-005","25% OFF","N/A","Garantía oficial y entrega inmediata."
"LBR-006","Novela Pedro Páramo Juan Rulfo","assets/img/Revistas/istockphoto-609437196-612x612.webp","130","Inmediato","Outlet","libros","12","Producto premium de la categoría Libros de Bolsillo en liquidación y oferta.","175","LBR-006","25% OFF","N/A","Garantía oficial y entrega inmediata."
"LBR-007","Libro El Llano en Llamas Rulfo","assets/img/Revistas/istockphoto-609437196-612x612.webp","130","Inmediato","Outlet","libros","12","Producto premium de la categoría Libros de Bolsillo en liquidación y oferta.","175","LBR-007","25% OFF","N/A","Garantía oficial y entrega inmediata."
"LBR-008","Libro Crónica Muerte Anunciada","assets/img/Revistas/istockphoto-609437196-612x612.webp","150","Inmediato","Outlet","libros","12","Producto premium de la categoría Libros de Bolsillo en liquidación y oferta.","202","LBR-008","25% OFF","N/A","Garantía oficial y entrega inmediata."
"LBR-009","Libro Un Mundo Feliz Huxley","assets/img/Revistas/istockphoto-609437196-612x612.webp","160","Inmediato","Outlet","libros","12","Producto premium de la categoría Libros de Bolsillo en liquidación y oferta.","216","LBR-009","25% OFF","N/A","Garantía oficial y entrega inmediata."
"LBR-010","Novela El Amor Tiempos Colera","assets/img/Revistas/istockphoto-609437196-612x612.webp","240","Inmediato","Outlet","libros","12","Producto premium de la categoría Libros de Bolsillo en liquidación y oferta.","324","LBR-010","25% OFF","N/A","Garantía oficial y entrega inmediata."
"LBR-011","Libro Frankenstein Mary Shelley","assets/img/Revistas/istockphoto-609437196-612x612.webp","140","Inmediato","Outlet","libros","12","Producto premium de la categoría Libros de Bolsillo en liquidación y oferta.","189","LBR-011","25% OFF","N/A","Garantía oficial y entrega inmediata."
"LBR-012","Libro Drácula Bram Stoker","assets/img/Revistas/istockphoto-609437196-612x612.webp","170","Inmediato","Outlet","libros","12","Producto premium de la categoría Libros de Bolsillo en liquidación y oferta.","229","LBR-012","25% OFF","N/A","Garantía oficial y entrega inmediata."
"LBR-013","Novela Farenheit 451 Bradbury","assets/img/Revistas/istockphoto-609437196-612x612.webp","180","Inmediato","Outlet","libros","12","Producto premium de la categoría Libros de Bolsillo en liquidación y oferta.","243","LBR-013","25% OFF","N/A","Garantía oficial y entrega inmediata."
"LBR-014","Libro Metamorfosis Franz Kafka","assets/img/Revistas/istockphoto-609437196-612x612.webp","99","Inmediato","Outlet","libros","12","Producto premium de la categoría Libros de Bolsillo en liquidación y oferta.","133","LBR-014","25% OFF","N/A","Garantía oficial y entrega inmediata."
"LBR-015","Libro El Retrato de Dorian Gray","assets/img/Revistas/istockphoto-609437196-612x612.webp","150","Inmediato","Outlet","libros","12","Producto premium de la categoría Libros de Bolsillo en liquidación y oferta.","202","LBR-015","25% OFF","N/A","Garantía oficial y entrega inmediata."
"LBR-016","Novela Rayuela Julio Cortázar","assets/img/Revistas/istockphoto-609437196-612x612.webp","260","Inmediato","Outlet","libros","12","Producto premium de la categoría Libros de Bolsillo en liquidación y oferta.","351","LBR-016","25% OFF","N/A","Garantía oficial y entrega inmediata."
"LBR-017","Libro Ficciones Jorge Luis Borges","assets/img/Revistas/istockphoto-609437196-612x612.webp","199","Inmediato","Outlet","libros","12","Producto premium de la categoría Libros de Bolsillo en liquidación y oferta.","268","LBR-017","25% OFF","N/A","Garantía oficial y entrega inmediata."
"LBR-018","Libro El Aleph Jorge Luis Borges","assets/img/Revistas/istockphoto-609437196-612x612.webp","199","Inmediato","Outlet","libros","12","Producto premium de la categoría Libros de Bolsillo en liquidación y oferta.","268","LBR-018","25% OFF","N/A","Garantía oficial y entrega inmediata."
"LBR-019","Novela Aura Carlos Fuentes","assets/img/Revistas/istockphoto-609437196-612x612.webp","110","Inmediato","Outlet","libros","12","Producto premium de la categoría Libros de Bolsillo en liquidación y oferta.","148","LBR-019","25% OFF","N/A","Garantía oficial y entrega inmediata."
"LBR-020","Libro Las Batallas en el Desierto","assets/img/Revistas/istockphoto-609437196-612x612.webp","120","Inmediato","Outlet","libros","12","Producto premium de la categoría Libros de Bolsillo en liquidación y oferta.","162","LBR-020","25% OFF","N/A","Garantía oficial y entrega inmediata."